{
  "n_subsets": 10,
  "pearson_r": 1.0,
  "spearman_r": 1.0,
  "spearman_p": 6.65e-64,
  "mean_abs_diff": 0.0,
  "top5_overlap": 5,
  "python_scores": [
    5.0890447304624065,
    4.974934948825673,
    4.94902986043692,
    4.9158181093278035,
    4.7883156163210145,
    4.785145887940059,
    4.762006012873533,
    4.751938608428403,
    4.722000993627703,
    4.713923741979081
  ],
  "limma_scores": [
    5.08904473046249,
    4.97493494882575,
    4.949029860437,
    4.91581810932788,
    4.78831561632109,
    4.78514588794013,
    4.7620060128736,
    4.75193860842847,
    4.72200099362778,
    4.71392374197916
  ]
}